W,H,D,T,Xc,Yc,R,ligament_x,ligament_y,clear_ok
175.8802735508973,230.81098076324795,28.15580579980601,20.0,87.94013677544865,115.40549038162398,14.077902899903005,73.86223387554564,101.32758748172097,True
113.08701162215092,144.04482144738557,64.93305666700005,20.0,56.54350581107546,72.02241072369279,32.46652833350002,24.07697747757544,39.555882390192764,True
101.52967790665994,216.89097935247003,53.57065551047774,20.0,50.76483895332997,108.44548967623501,26.78532775523887,23.9795111980911,81.66016192099615,True
150.40546942389057,175.2280708629521,25.49105583060541,20.0,75.20273471194528,87.61403543147605,12.745527915302706,62.45720679664258,74.86850751617335,True
