W_over_D,e_over_D,t_over_D,W_mm,e_mm,t_mm
2.07233657,1.53467611,0.72137988,41.44673134,30.69352218,14.42759755
2.84893120,2.43013912,0.79021727,56.97862407,48.60278244,15.80434549
2.03486488,2.40456655,0.40664973,40.69729766,48.09133095,8.13299455
2.88173842,1.59517843,0.43816799,57.63476838,31.90356853,8.76335986
