W_over_D,e_over_D,t_over_D,W_mm,e_mm,t_mm
2.51019082,2.40848519,0.78486457,50.20381640,48.16970382,15.69729149
2.05044797,1.85614366,0.73132977,41.00895940,37.12287316,14.62659539
2.32304482,2.52616687,0.52688207,46.46089632,50.52333743,10.53764134
2.61307580,2.55291917,0.60988399,52.26151606,51.05838345,12.19767974
