W,H,D,T,Xc,Yc,R,ligament_x,ligament_y,clear_ok
159.9708021750779,190.17887943109585,20.073851643114843,20.0,79.98540108753895,95.08943971554793,10.036925821557421,69.94847526598153,85.05251389399051,True
100.04953402161999,176.03006907015526,43.02054236320238,20.0,50.024767010809995,88.01503453507763,21.51027118160119,28.514495829208805,66.50476335347645,True
103.22152617791846,238.18613009413951,56.09850861299241,20.0,51.61076308895923,119.09306504706976,28.049254306496206,23.561508782463026,91.04381074057355,True
155.38001183938098,142.09776305344164,69.73670260339007,20.0,77.69000591969049,71.04888152672082,34.868351301695036,42.821654617995456,36.180530225025784,True
